,0
Adeel Hassan,15
A. J. Goldmann,1
Lauren Messman,2
Caleb Hampton,2
Mike Baker,9
Rukmini Callimachi,1
Kevin Draper,5
Ali Watkins,1
Jim Mangia,1
Peter Schwartzstein,6
Frances Robles,2
Emily Cochrane,3
Andrew E. Kramer,1
Joseph Goldstein,1
Jeff Gleason,1
Hwaida Saad,1
Alissa J. Rubin,1
Trip Gabriel,1
Neil MacFarquhar,2
Matthew Goldstein,1
Anton Troianovski,2
Michael Steinberger,3
Rebecca Liebson,2
Saw Nang,2
Kara Swisher,1
Scilla Alecci,3
Manuela Andreoni,1
Elisabetta Povoledo,4
Geneva Abdul,1
Vanessa Swales,2
Gia Kourlas,1
Andrew Ross Sorkin,2
Yoni Freedhoff,9
Nicole Sperling,1
Whitney Hurst,1
Brian Turner,1
Jillian Weise,3
Jose A. Del,1
Mark Walker,2
Stacy Cowley,1
Glenn Rifkin,1
Livia Albeck-Ripka,7
Jessica Stern,1
Billy Witz,5
Vivian Yee,2
Eric A. Taub,3
Jan Ransom,3
Mujib Mashal,2
Vivian Wang,2
Ari L. Goldman,2
Kimberly C. Field,1
Jennifer Medina,2
Marc Tracy,2
Roslyn Sulcas,2
Benjamin Hoffman,1
Jonathan,1
Scott Reyburn,1
Michelle Goldberg,2
Michael Forsythe,3
Heather Murphy,9
Edmy Ayala,1
Nina Siegal,2
Kyra Gurney,3
Audra,2
Matt Flegenheimer,3
Jessica Powell,3
Benjamin Preston,1
Sapna Maheshwari,2
Ross Douthat,1
Bruce Schneier,1
Matina Stevis-Gridneff,1
Luis Ferré-Sadurní,4
Charlie Savage,11
Brandon Wilner,1
Howard Markel,3
Steven Lee Myers,5
Nicole Herrington,4
Michael Kimmelman,3
William K. Rashbaum,1
Jochen Bittner,1
David Gelles,7
Perry Garfinkel,2
Raphael Minder,2
Thomas Kaplan,3
Liz Alderman,3
Jeffery C. Mays,5
Patrick McGeehan,2
Julian E. Barnes,4
Ben Hubbard,3
Thomas Fuller,2
Damon Winter,2
Harvey Araton,3
David Yaffe-Bellany,8
Alyson Krueger,3
Eduardo Porter,2
Amadou Diallo,2
Edgar Sandoval,1
J. Hoberman,1
Melissa Eddy,1
Robert P. George,1
Henry Joost,1
Amy Qin,3
Natalie Kitroeff,4
Aaron Randle,8
Derek,3
David Waldstein,1
Nellie Bowles,3
Annie Correal,2
Abby Goodnough,1
Yuval Levin,1
Maggie Haberman,2
Jamie Tarabay,5
Matti Friedman,1
Elizabeth A. Harris,3
Michael Cooper,5
Campbell Robertson,7
Javier C. Hernández,6
Miriam Jordan,2
Mike Lacher,1
Robert Pinsky,1
Jeremy W. Peters,2
Wendell Potter,1
Jessica Silver-Greenberg,1
Anne Barnard,5
Amber Bracken,3
Brandon Lilly,2
Rick Rojas,5
Will Heinrich,1
Jerry Garrett,3
Sean Piccoli,1
Christiaan Triebert,1
Ai Weiwei,1
Lisa Lerer,1
Matt Phillips,2
Michael Gold,5
Ivan Penn,3
Farnaz Fassihi,1
Shane Goldmacher,6
Sameer Yasir,10
Daniel E. Slotnik,2
Richard A. Friedman,3
Talya Minsberg,4
Ernesto Londoño,5
Ariel Schulman,1
Emma Marris,1
Andrew Knoll,1
Ben Casselman,8
John Ismay,1
Nicholas Fandos,3
Declan Walsh,2
Emily Schwing,2
Bradley Berman,2
Patricia Mazzei,1
Conrad de Aenlle,1
Alex Berenson,1
Katherine Rosman,1
Katrin Bennhold,2
Janni Lehrer-Stein,2
Caity Weaver,5
Arielle Dollinger,1
Chris Buckley,3
Milton Esterow,1
Eric Lipton,2
Santi Carneri,1
Nicholas Bogel-Burroughs,1
Hannah Beech,2
Matt Apuzzo,1
David Bowles,1
Sarah Maslin Nir,6
Christina Goldbaum,7
Sandra E. Garcia,8
Jorge Ramos,1
Nelson C. J,1
Jerry Kammer,2
Elizabeth Williamson,1
Christopher Clarey,1
Lee Siegel,3
Malachy Browne,1
Lara Jakes,3
Peter J. Hotez,6
Jason Gutierrez,1
Rebecca R. Ruiz,1
Emily Flitter,3
Rachel Felder,3
Robert,2
Charlie Warzel,2
Elizabeth Cobbs,1
Steve Inskeep,1
James Barron,2
Matthew Haag,8
Nicole Hemmer,1
Megan Specia,5
Kenneth P. Vogel,1
Eric Kaplan,3
David,4
Narges Bajoghli,1
Muktita Suhartono,2
Seth Berkman,2
Madison Mainwaring,1
Nancy Coleman,1
Lilia Blaise,1
Joe Drape,1
John Leland,3
Joshua Davidson,1
Hari Kumar,4
Jon Caramanica,4
Dmitriy Khavin,1
Storyful,1
Brian Moore,1
Motoko Rich,2
Photographs Devin Yalkin,1
Marc Santora,1
Ian Austen,2
Thomas Gibbons-Neff,2
Reid J. Epstein,2
Denise Lu,3
Jamelle Bouie,1
Anemona Hartocollis,2
Margaret Renkl,1
David E. Sanger,4
Hisako Ueno,3
Gabe Cohn,2
Morgan Campbell,1
Eric Schmitt,2
Jason Horowitz,5
Austin Ramzy,3
Lindsay Crouse,2
Nicole Perlroth,1
Salman Masood,1
Tariq Panja,3
Daniel J. Levitin,3
Kiran Ridley,2
Letícia Casado,3
Russell Goldman,2
Neil Genzlinger,6
Jonathan A. Knee,1
Tracey Tully,9
John Koblin,3
Gilles Sabrié,1
Max Siollun,1
Ben Kenigsberg,2
Katie Benner,2
Richard Goldstein,2
Tim Gray,5
Zolan Kanno-Youngs,4
Jesse Drucker,1
Aisha Harris,1
Alexis Wright,1
Richard Sandomir,4
Lisa Friedman,1
Peter Libbey,1
Dana Goldstein,1
Elian Peltier,3
Evan Hill,1
Tyler Kepner,2
Michael Levenson,6
Alexander Burns,1
David Deming,1
Jack Ewing,3
Helene Cooper,2
Noam Scheiber,2
Johnny Diaz,10
Paul Krugman,2
Shaina Feinberg,1
Ron DePasquale,1
Timothy Williams,5
Ben Dooley,3
Jennifer Harlan,4
Brian,3
Emma G. Fitzsimmons,8
Nilo Tabrizy,1
Jennifer Weiner,1
Tiffany May,4
Jodi Kantor,1
Kevin J. Delaney,1
Robert J. Shiller,2
Dan Bilefsky,1
Ellen Barry,4
Aurelien Breeden,2
Winnie Hu,1
Sam Roberts,4
Justin Gillis,1
Matthew Sedacca,5
Niki Kitsantonis,2
Michael Wines,1
Eitan,1
Tom Farrey,2
Richard Flanagan,3
Elizabeth Dias,5
Jason Farago,3
Devi Lockwood,1
Karie Fugett,1
Sui-lee Wee,5
Chesley,2
Anatoly Kurmanaev,4
Sharon LaFraniere,1
Lisa W. Foderaro,2
Jim Tankersley,10
Dharisha Bastians,1
David Bentley Hart,1
Jacob Bernstein,2
Jason,1
Peter J. Henning,2
Tiffany Hsu,4
Richard Fausset,3
Ellen Zentner,1
Gregorio Duvivier,2
Keith Bradsher,9
Ginia Bellafante,5
Cecilia Kang,1
Jan-werner Müller,1
Derrick Bryson Taylor,4
Mariel Padilla,13
Joe Coscarelli,2
Jameson McBride,1
Aimee Ortiz,15
John Branch,2
Veronica Walsingham,2
Jacob Kushner,2
Michelle Cottle,1
Rory Smith,1
Beppe Severgnini,1
Katie Glueck,2
Daniel Victor,4
Gabriel Gianordoli,1
Julia Jacobs,2
Dan Barry,1
Talmon Joseph Smith,1
Kai Schultz,6
Frances Tilney Burke,2
Isabel Kershner,12
Falih Hassan,1
Patricia Leigh Brown,5
Joseph Berger,1
Thomas,3
Alan Blinder,2
Azi Paybarah,6
Neal E. Boudette,5
Adam Nossiter,1
Cheryl P. Weinstock,2
Daniel A. Gross,2
Alan Feuer,1
Carlotta Gall,1
Shirley Wang,3
Jonathan Martin,2
Michael,2
Sheryl Gay Stolberg,2
Corey Kilgannon,11
Shalini Venugopal Bhagat,2
Cormac Farrell,1
Ana Swanson,11
Christopher F. Schuetze,1
Tristan Spinski,3
Ammiel Hirsch,1
Todd May,2
David Segal,3
Desiree Rios,3
Carlos Mureithi,1
Caitlin Dickerson,3
Makiko Inoue,2
Carlos Tejada,2
Elizabeth G. Dunn,1
Michael Crowley,1
Brittainy Newman,3
Elaina Plott,1
David Botti,1
Bill Marsh,6
David Allen,1
Alex Widdowson,1
Jeanna Smialek,12
Ken Belson,2
Stanley Reed,2
Ben Hallman,3
Chris Baker,1
Victor Mather,1
Anita Gates,1
Saad,1
Dave Montgomery,1
Jon Pareles,5
Ceylan Yeginsu,2
Christine Hauser,1
Edward Wong,7
Tim Arango,2
Emma Goldberg,1
Matthew Abbott,4
Maria Cramer,11
Julie Creswell,2
Jorge Carrión,2
Mark Landler,1
Choe Sang-Hun,3
George Gene Gustines,4
Eve,3
Julia Rothman,1
Ben Sisario,2
Zach Schonbrun,1
Tara Siegel Bernard,1
David Quammen,1
Amie Tsang,3
Carla Fried,4
Astead W. Herndon,2
Isabella Kwai,5
Emily S. Rueb,4
Adam Liptak,9
Jeff Sommer,1
Sarah Mervosh,8
Ed Shanahan,6
Linda Greenhouse,5
Alan Yuhas,3
James Risen,1
Erica L. Green,1
Alan Rappeport,4
Connor Willumsen,1
Neil Vigdor,28
Catie Edmondson,6
Mihir Zaveri,8
Hilarie,1
Joseph,2
Ben Rothenberg,2
Adam Goldman,1
Sharon Otterman,3
Viet Thanh Nguyen,3
Jeré Longman,1
Karen Zraick,4
Kimiko de Freytas-Tamura,2
Ben Protess,1
Alex Marshall,2
Ted Alcorn,1
Megan Twohey,1
Abdi Latif Dahir,2
Yanzhong Huang,8
Farhad Manjoo,1
Lola Fadulu,4
David Leonhardt,6
Nick Corasaniti,2
Alexandra Stevenson,2
John Schwartz,1
Eliza Shapiro,2
Peter Eavis,2
Laurie Wen,2
Kate Taylor,8
J. David Goodman,4
Roni Caryn Rabin,2
Maria Abi-Habib,1
Niraj Chokshi,9
Mike Mazzeo,1
Jesse McKinley,7
Jessica Baran,3
Mariel Wamsley,1
Nila Bala,2
Brooks Barnes,1
Giovanni Russonello,2
Charles,2
Mitch Smith,3
Thomas L. Friedman,1
Iliana Magra,3
Jacey Fortin,7
Josephine Wolff,1
Jesse Wegman,1
Clifford Krauss,1
Elisabeth Rosenthal,1
Katharine Q. Seelye,4
Carol Rosenberg,4
Jenny Lefcourt,2
Steven Erlanger,2
Jeffrey E. Singer,5
